{
  "version": 1,
  "author": "Madhan Gowtham",
  "editor": "wokwi",
  "parts": [
    { "type": "wokwi-esp32-devkit-v1", "id": "esp", "top": -29.33, "left": 25.33, "attrs": {} },
    {
      "type": "wokwi-pir-motion-sensor",
      "id": "pir1",
      "top": -109.52,
      "left": -485.86,
      "attrs": {}
    },
    {
      "type": "wokwi-pir-motion-sensor",
      "id": "pir2",
      "top": -115.12,
      "left": -323.85,
      "attrs": {}
    },
    {
      "type": "wokwi-pir-motion-sensor",
      "id": "pir3",
      "top": -110.62,
      "left": -143.12,
      "attrs": {}
    },
    {
      "type": "wokwi-led",
      "id": "led1",
      "top": -102.97,
      "left": 154.64,
      "attrs": { "color": "limegreen" }
    },
    {
      "type": "wokwi-led",
      "id": "led2",
      "top": -40.42,
      "left": 251.38,
      "attrs": { "color": "blue" }
    },
    { "type": "wokwi-led", "id": "led3", "top": 2.87, "left": 391, "attrs": { "color": "red" } },
    {
      "type": "wokwi-pir-motion-sensor",
      "id": "pir4",
      "top": -126.18,
      "left": -629.28,
      "attrs": {}
    },
    {
      "type": "wokwi-led",
      "id": "led4",
      "top": -120.47,
      "left": 465.99,
      "attrs": { "color": "yellow" }
    },
    { "type": "wokwi-dht22", "id": "dht1", "top": -303.65, "left": -306.07, "attrs": {} }
  ],
  "connections": [
    [ "esp:TX0", "$serialMonitor:RX", "", [] ],
    [ "esp:RX0", "$serialMonitor:TX", "", [] ],
    [ "pir1:GND", "esp:GND.2", "black", [ "v0" ] ],
    [ "pir2:GND", "esp:GND.2", "black", [ "v0" ] ],
    [ "pir3:GND", "esp:GND.2", "black", [ "v0" ] ],
    [ "pir3:VCC", "esp:VIN", "red", [ "v0" ] ],
    [ "pir2:VCC", "esp:VIN", "red", [ "v0" ] ],
    [ "pir1:VCC", "esp:VIN", "red", [ "v0" ] ],
    [ "led1:C", "esp:GND.1", "green", [ "v0" ] ],
    [ "led2:C", "esp:GND.1", "green", [ "v0" ] ],
    [ "led3:C", "esp:GND.1", "green", [ "v0" ] ],
    [ "led1:A", "esp:D2", "green", [ "v0" ] ],
    [ "led2:A", "esp:D4", "green", [ "v0" ] ],
    [ "led3:A", "esp:D5", "green", [ "v0" ] ],
    [ "pir1:OUT", "esp:D13", "green", [ "v0" ] ],
    [ "pir2:OUT", "esp:D12", "green", [ "v0" ] ],
    [ "pir3:OUT", "esp:D14", "green", [ "v0" ] ],
    [ "pir4:GND", "esp:GND.2", "black", [ "v0" ] ],
    [ "pir4:VCC", "esp:VIN", "red", [ "v0" ] ],
    [ "pir4:OUT", "esp:D26", "green", [ "v0" ] ],
    [ "led4:C", "esp:GND.1", "green", [ "v0" ] ],
    [ "led4:A", "esp:D19", "green", [ "v0" ] ],
    [ "dht1:GND", "esp:GND.2", "black", [ "v0" ] ],
    [ "dht1:VCC", "esp:VIN", "red", [ "v0" ] ],
    [ "dht1:SDA", "esp:D33", "green", [ "v0" ] ]
  ],
  "dependencies": {}
}